<ArrayOfArrayOfKeyValueOfstringanyType xmlns="http://schemas.microsoft.com/2003/10/Serialization/Arrays" xmlns:i="http://www.w3.org/2001/XMLSchema-instance"><ArrayOfKeyValueOfstringanyType><KeyValueOfstringanyType><Key>UserKey</Key><Value i:type="a:string" xmlns:a="http://www.w3.org/2001/XMLSchema">ddd</Value></KeyValueOfstringanyType><KeyValueOfstringanyType><Key>Id</Key><Value i:type="a:string" xmlns:a="http://www.w3.org/2001/XMLSchema"/></KeyValueOfstringanyType><KeyValueOfstringanyType><Key>UtcCreationDate</Key><Value i:type="a:dateTime" xmlns:a="http://www.w3.org/2001/XMLSchema">2011-07-05T17:41:33.5048828+08:00</Value></KeyValueOfstringanyType><KeyValueOfstringanyType><Key>UtcLastModificationDate</Key><Value i:type="a:dateTime" xmlns:a="http://www.w3.org/2001/XMLSchema">2011-07-07T10:21:29.4863281+08:00</Value></KeyValueOfstringanyType><KeyValueOfstringanyType><Key>UUID</Key><Value i:type="a:string" xmlns:a="http://www.w3.org/2001/XMLSchema">CKD2TZVSKMDLMCEF</Value></KeyValueOfstringanyType><KeyValueOfstringanyType><Key>Repository</Key><Value i:type="a:string" xmlns:a="http://www.w3.org/2001/XMLSchema">SampleSite</Value></KeyValueOfstringanyType><KeyValueOfstringanyType><Key>FolderName</Key><Value i:type="a:string" xmlns:a="http://www.w3.org/2001/XMLSchema">Comment</Value></KeyValueOfstringanyType><KeyValueOfstringanyType><Key>SchemaName</Key><Value i:type="a:string" xmlns:a="http://www.w3.org/2001/XMLSchema">Comment</Value></KeyValueOfstringanyType><KeyValueOfstringanyType><Key>Title</Key><Value i:type="a:string" xmlns:a="http://www.w3.org/2001/XMLSchema">Good article</Value></KeyValueOfstringanyType><KeyValueOfstringanyType><Key>Body</Key><Value i:type="a:string" xmlns:a="http://www.w3.org/2001/XMLSchema">This is a good article.</Value></KeyValueOfstringanyType><KeyValueOfstringanyType><Key>Name</Key><Value i:type="a:string" xmlns:a="http://www.w3.org/2001/XMLSchema">Guest</Value></KeyValueOfstringanyType><KeyValueOfstringanyType><Key>Published</Key><Value i:type="a:boolean" xmlns:a="http://www.w3.org/2001/XMLSchema">true</Value></KeyValueOfstringanyType><KeyValueOfstringanyType><Key>ParentFolder</Key><Value i:type="a:string" xmlns:a="http://www.w3.org/2001/XMLSchema">news</Value></KeyValueOfstringanyType><KeyValueOfstringanyType><Key>ParentUUID</Key><Value i:type="a:string" xmlns:a="http://www.w3.org/2001/XMLSchema">95a0861e-5019-4000-98b6-8e46efbc5ce1</Value></KeyValueOfstringanyType></ArrayOfKeyValueOfstringanyType></ArrayOfArrayOfKeyValueOfstringanyType>